M,N,K,BM,BN,BK,GROUP_M,WARPS,STAGES,CTAS,WS,flatten,itrs,wmp,ms,TFLOPs
32768,32768,4096,256,256,64,1,8,3,2,False,False,5,3,14.026848,627.09
32768,32768,4096,256,256,64,1,8,3,2,False,True,5,3,13.819226,636.51
32768,32768,4096,256,256,64,2,8,3,2,False,False,5,3,12.341222,712.74
32768,32768,4096,256,256,64,2,8,3,2,False,True,5,3,12.670457,694.22
32768,32768,4096,256,256,64,4,8,3,2,False,False,5,3,11.993747,733.39
32768,32768,4096,256,256,64,4,8,3,2,False,True,5,3,12.424275,707.98
32768,32768,4096,256,256,64,8,8,3,2,False,False,5,3,12.258919,717.53
32768,32768,4096,256,256,64,8,8,3,2,False,True,5,3,11.874291,740.77
32768,32768,4096,256,128,64,1,8,3,2,False,False,5,3,18.525932,474.80
32768,32768,4096,256,128,64,1,8,3,1,False,False,5,3,15.544447,565.87
32768,32768,4096,256,128,64,1,4,3,1,True,False,5,3,14.297057,615.24
32768,32768,4096,256,128,64,1,8,3,2,False,True,5,3,18.731961,469.58
32768,32768,4096,256,128,64,1,8,3,1,False,True,5,3,15.360582,572.64
32768,32768,4096,256,128,64,1,4,3,1,True,True,5,3,56.055957,156.92
32768,32768,4096,256,128,64,1,8,4,2,False,False,5,3,15.852025,554.89
32768,32768,4096,256,128,64,1,8,4,2,False,True,5,3,15.653638,561.92
32768,32768,4096,256,128,64,1,8,5,2,False,False,5,3,14.772307,595.44
32768,32768,4096,256,128,64,1,8,5,2,False,True,5,3,14.950810,588.34
32768,32768,4096,256,128,64,2,8,3,2,False,False,5,3,16.612480,529.49
32768,32768,4096,256,128,64,2,8,3,1,False,False,5,3,13.241446,664.28
32768,32768,4096,256,128,64,2,4,3,1,True,False,5,3,12.987079,677.30
32768,32768,4096,256,128,64,2,8,3,2,False,True,5,3,16.609651,529.58
32768,32768,4096,256,128,64,2,8,3,1,False,True,5,3,13.251193,663.80
32768,32768,4096,256,128,64,2,4,3,1,True,True,5,3,56.055701,156.92
32768,32768,4096,256,128,64,2,8,4,2,False,False,5,3,14.246227,617.43
32768,32768,4096,256,128,64,2,8,4,2,False,True,5,3,14.420212,609.98
32768,32768,4096,256,128,64,2,8,5,2,False,False,5,3,14.211060,618.96
32768,32768,4096,256,128,64,2,8,5,2,False,True,5,3,14.918842,589.60
32768,32768,4096,256,128,64,4,8,3,2,False,False,5,3,16.968179,518.39
32768,32768,4096,256,128,64,4,8,3,1,False,False,5,3,12.690746,693.11
32768,32768,4096,256,128,64,4,4,3,1,True,False,5,3,12.797114,687.35
32768,32768,4096,256,128,64,4,8,3,2,False,True,5,3,16.670726,527.64
32768,32768,4096,256,128,64,4,8,3,1,False,True,5,3,12.354919,711.95
32768,32768,4096,256,128,64,4,4,3,1,True,True,5,3,57.461237,153.08
32768,32768,4096,256,128,64,4,8,4,2,False,False,5,3,14.883929,590.98
32768,32768,4096,256,128,64,4,8,4,2,False,True,5,3,14.699840,598.38
32768,32768,4096,256,128,64,4,8,5,2,False,False,5,3,14.644698,600.63
32768,32768,4096,256,128,64,4,8,5,2,False,True,5,3,14.875488,591.31
32768,32768,4096,256,128,64,8,8,3,2,False,False,5,3,15.652249,561.97
32768,32768,4096,256,128,64,8,8,3,1,False,False,5,3,12.407846,708.91
32768,32768,4096,256,128,64,8,4,3,1,True,False,5,3,12.874995,683.19
32768,32768,4096,256,128,64,8,8,3,2,False,True,5,3,15.548801,565.71
32768,32768,4096,256,128,64,8,8,3,1,False,True,5,3,11.954598,735.79
32768,32768,4096,256,128,64,8,4,3,1,True,True,5,3,58.883868,149.38
32768,32768,4096,256,128,64,8,8,4,2,False,False,5,3,14.812077,593.85
32768,32768,4096,256,128,64,8,8,4,2,False,True,5,3,14.567538,603.81
32768,32768,4096,256,128,64,8,8,5,2,False,False,5,3,15.681908,560.91
32768,32768,4096,256,128,64,8,8,5,2,False,True,5,3,15.333812,573.64
32768,32768,4096,128,256,64,1,8,3,2,False,False,5,3,23.824826,369.20
32768,32768,4096,128,256,64,1,8,3,1,False,False,5,3,19.219456,457.67
32768,32768,4096,128,256,64,1,4,3,1,True,False,5,3,15.815283,556.18
32768,32768,4096,128,256,64,1,8,3,2,False,True,5,3,23.523027,373.94
32768,32768,4096,128,256,64,1,8,3,1,False,True,5,3,18.761247,468.84
32768,32768,4096,128,256,64,1,4,3,1,True,True,5,3,107.780945,81.61
32768,32768,4096,128,256,64,1,8,4,2,False,False,5,3,20.030490,439.14
32768,32768,4096,128,256,64,1,8,4,2,False,True,5,3,19.070470,461.24
32768,32768,4096,128,256,64,1,8,5,2,False,False,5,3,23.273972,377.94
32768,32768,4096,128,256,64,1,8,5,2,False,True,5,3,24.841562,354.09
32768,32768,4096,128,256,64,2,8,3,2,False,False,5,3,18.098367,486.02
32768,32768,4096,128,256,64,2,8,3,1,False,False,5,3,14.095642,624.03
32768,32768,4096,128,256,64,2,4,3,1,True,False,5,3,13.843980,635.37
32768,32768,4096,128,256,64,2,8,3,2,False,True,5,3,17.947430,490.10
32768,32768,4096,128,256,64,2,8,3,1,False,True,5,3,14.048813,626.11
32768,32768,4096,128,256,64,2,4,3,1,True,True,5,3,100.768549,87.29
32768,32768,4096,128,256,64,2,8,4,2,False,False,5,3,16.939923,519.25
32768,32768,4096,128,256,64,2,8,4,2,False,True,5,3,16.743948,525.33
32768,32768,4096,128,256,64,2,8,5,2,False,False,5,3,20.935277,420.16
32768,32768,4096,128,256,64,2,8,5,2,False,True,5,3,22.998804,382.46
32768,32768,4096,128,256,64,4,8,3,2,False,False,5,3,18.362617,479.02
32768,32768,4096,128,256,64,4,8,3,1,False,False,5,3,12.646003,695.56
32768,32768,4096,128,256,64,4,4,3,1,True,False,5,3,11.954016,735.83
32768,32768,4096,128,256,64,4,8,3,2,False,True,5,3,18.178426,483.88
32768,32768,4096,128,256,64,4,8,3,1,False,True,5,3,12.153101,723.77
32768,32768,4096,128,256,64,4,4,3,1,True,True,5,3,102.767004,85.59
32768,32768,4096,128,256,64,4,8,4,2,False,False,5,3,16.682100,527.28
32768,32768,4096,128,256,64,4,8,4,2,False,True,5,3,16.691898,526.97
32768,32768,4096,128,256,64,4,8,5,2,False,False,5,3,18.473210,476.15
32768,32768,4096,128,256,64,4,8,5,2,False,True,5,3,22.653702,388.29
32768,32768,4096,128,256,64,8,8,3,2,False,False,5,3,17.236237,510.33
32768,32768,4096,128,256,64,8,8,3,1,False,False,5,3,12.269978,716.88
32768,32768,4096,128,256,64,8,4,3,1,True,False,5,3,12.271616,716.78
32768,32768,4096,128,256,64,8,8,3,2,False,True,5,3,17.502617,502.56
32768,32768,4096,128,256,64,8,8,3,1,False,True,5,3,11.947878,736.21
32768,32768,4096,128,256,64,8,4,3,1,True,True,5,3,103.422986,85.05
32768,32768,4096,128,256,64,8,8,4,2,False,False,5,3,16.188205,543.36
32768,32768,4096,128,256,64,8,8,4,2,False,True,5,3,15.975584,550.60
32768,32768,4096,128,256,64,8,8,5,2,False,False,5,3,18.760582,468.86
32768,32768,4096,128,256,64,8,8,5,2,False,True,5,3,22.090912,398.18
32768,32768,4096,128,128,64,1,8,3,2,False,False,5,3,25.559354,344.14
32768,32768,4096,128,128,64,1,8,3,1,False,False,5,3,25.204410,348.99
32768,32768,4096,128,128,64,1,4,3,1,True,False,5,3,22.942157,383.40
32768,32768,4096,128,128,64,1,8,3,2,False,True,5,3,25.583585,343.82
32768,32768,4096,128,128,64,1,8,3,1,False,True,5,3,24.317171,361.72
32768,32768,4096,128,128,64,1,4,3,1,True,True,5,3,24.280257,362.27
32768,32768,4096,128,128,64,1,8,4,2,False,False,5,3,25.527763,344.57
32768,32768,4096,128,128,64,1,8,4,1,False,False,5,3,22.573811,389.66
32768,32768,4096,128,128,64,1,4,4,1,True,False,5,3,20.063680,438.41
32768,32768,4096,128,128,64,1,8,4,2,False,True,5,3,25.733035,341.82
32768,32768,4096,128,128,64,1,8,4,1,False,True,5,3,20.462848,429.86
32768,32768,4096,128,128,64,1,4,4,1,True,True,5,3,20.674573,425.45
32768,32768,4096,128,128,64,1,8,5,2,False,False,5,3,24.853139,353.92
32768,32768,4096,128,128,64,1,8,5,1,False,False,5,3,18.808313,467.67
32768,32768,4096,128,128,64,1,4,5,1,True,False,5,3,21.114119,416.60
32768,32768,4096,128,128,64,1,8,5,2,False,True,5,3,24.564122,358.09
32768,32768,4096,128,128,64,1,8,5,1,False,True,5,3,22.024672,399.37
32768,32768,4096,128,128,64,1,4,5,1,True,True,5,3,23.343373,376.81
32768,32768,4096,128,128,64,2,8,3,2,False,False,5,3,25.061926,350.97
32768,32768,4096,128,128,64,2,8,3,1,False,False,5,3,19.077805,461.06
32768,32768,4096,128,128,64,2,4,3,1,True,False,5,3,17.394753,505.68
32768,32768,4096,128,128,64,2,8,3,2,False,True,5,3,24.941408,352.67
32768,32768,4096,128,128,64,2,8,3,1,False,True,5,3,18.853152,466.56
32768,32768,4096,128,128,64,2,4,3,1,True,True,5,3,18.679968,470.88
32768,32768,4096,128,128,64,2,8,4,2,False,False,5,3,25.341364,347.10
32768,32768,4096,128,128,64,2,8,4,1,False,False,5,3,16.144257,544.84
32768,32768,4096,128,128,64,2,4,4,1,True,False,5,3,15.820020,556.01
32768,32768,4096,128,128,64,2,8,4,2,False,True,5,3,25.334848,347.19
32768,32768,4096,128,128,64,2,8,4,1,False,True,5,3,15.788844,557.11
32768,32768,4096,128,128,64,2,4,4,1,True,True,5,3,15.319276,574.18
32768,32768,4096,128,128,64,2,8,5,2,False,False,5,3,23.724435,370.76
32768,32768,4096,128,128,64,2,8,5,1,False,False,5,3,14.703833,598.22
32768,32768,4096,128,128,64,2,4,5,1,True,False,5,3,14.633664,601.09
32768,32768,4096,128,128,64,2,8,5,2,False,True,5,3,24.493671,359.12
32768,32768,4096,128,128,64,2,8,5,1,False,True,5,3,14.702937,598.25
32768,32768,4096,128,128,64,2,4,5,1,True,True,5,3,14.299527,615.13
32768,32768,4096,128,128,64,4,8,3,2,False,False,5,3,25.176961,349.37
32768,32768,4096,128,128,64,4,8,3,1,False,False,5,3,17.148262,512.94
32768,32768,4096,128,128,64,4,4,3,1,True,False,5,3,15.654022,561.91
32768,32768,4096,128,128,64,4,8,3,2,False,True,5,3,25.131065,350.01
32768,32768,4096,128,128,64,4,8,3,1,False,True,5,3,16.873958,521.28
32768,32768,4096,128,128,64,4,4,3,1,True,True,5,3,16.752057,525.08
32768,32768,4096,128,128,64,4,8,4,2,False,False,5,3,25.530496,344.53
32768,32768,4096,128,128,64,4,8,4,1,False,False,5,3,13.730765,640.61
32768,32768,4096,128,128,64,4,4,4,1,True,False,5,3,13.767174,638.92
32768,32768,4096,128,128,64,4,8,4,2,False,True,5,3,25.478163,345.24
32768,32768,4096,128,128,64,4,8,4,1,False,True,5,3,13.719258,641.15
32768,32768,4096,128,128,64,4,4,4,1,True,True,5,3,12.984038,677.45
32768,32768,4096,128,128,64,4,8,5,2,False,False,5,3,23.382835,376.18
32768,32768,4096,128,128,64,4,8,5,1,False,False,5,3,13.020749,675.54
32768,32768,4096,128,128,64,4,4,5,1,True,False,5,3,15.332352,573.69
32768,32768,4096,128,128,64,4,8,5,2,False,True,5,3,24.232045,362.99
32768,32768,4096,128,128,64,4,8,5,1,False,True,5,3,14.473933,607.72
32768,32768,4096,128,128,64,4,4,5,1,True,True,5,3,14.996211,586.55
32768,32768,4096,128,128,64,8,8,3,2,False,False,5,3,25.158957,349.62
32768,32768,4096,128,128,64,8,8,3,1,False,False,5,3,15.625249,562.94
32768,32768,4096,128,128,64,8,4,3,1,True,False,5,3,14.623482,601.50
32768,32768,4096,128,128,64,8,8,3,2,False,True,5,3,25.051750,351.12
32768,32768,4096,128,128,64,8,8,3,1,False,True,5,3,15.552391,565.58
32768,32768,4096,128,128,64,8,4,3,1,True,True,5,3,15.584595,564.41
32768,32768,4096,128,128,64,8,8,4,2,False,False,5,3,26.041843,337.77
32768,32768,4096,128,128,64,8,8,4,1,False,False,5,3,12.762585,689.21
32768,32768,4096,128,128,64,8,4,4,1,True,False,5,3,14.747212,596.46
32768,32768,4096,128,128,64,8,8,4,2,False,True,5,3,25.869754,340.01
32768,32768,4096,128,128,64,8,8,4,1,False,True,5,3,12.830905,685.54
32768,32768,4096,128,128,64,8,4,4,1,True,True,5,3,13.178323,667.47
32768,32768,4096,128,128,64,8,8,5,2,False,False,5,3,22.837376,385.16
32768,32768,4096,128,128,64,8,8,5,1,False,False,5,3,13.256877,663.51
32768,32768,4096,128,128,64,8,4,5,1,True,False,5,3,16.212769,542.54
32768,32768,4096,128,128,64,8,8,5,2,False,True,5,3,23.995558,366.57
32768,32768,4096,128,128,64,8,8,5,1,False,True,5,3,15.069946,583.68
32768,32768,4096,128,128,64,8,4,5,1,True,True,5,3,14.937511,588.86